img_name,image_path,source,date,time,band,channel
3DIMG_26MAY2024_0000_L1B_STD_V01R00_B3_TIR1.png,data\processed\mosdac_tir1\3DIMG_26MAY2024_0000_L1B_STD_V01R00_B3_TIR1.png,MOSDAC,26MAY2024,0000,B3,TIR1
3DIMG_26MAY2024_0030_L1B_STD_V01R00_B3_TIR1.png,data\processed\mosdac_tir1\3DIMG_26MAY2024_0030_L1B_STD_V01R00_B3_TIR1.png,MOSDAC,26MAY2024,0030,B3,TIR1
3DIMG_26MAY2024_0100_L1B_STD_V01R00_B3_TIR1.png,data\processed\mosdac_tir1\3DIMG_26MAY2024_0100_L1B_STD_V01R00_B3_TIR1.png,MOSDAC,26MAY2024,0100,B3,TIR1
3DIMG_26MAY2024_0130_L1B_STD_V01R00_B3_TIR1.png,data\processed\mosdac_tir1\3DIMG_26MAY2024_0130_L1B_STD_V01R00_B3_TIR1.png,MOSDAC,26MAY2024,0130,B3,TIR1
3DIMG_26MAY2024_0200_L1B_STD_V01R00_B3_TIR1.png,data\processed\mosdac_tir1\3DIMG_26MAY2024_0200_L1B_STD_V01R00_B3_TIR1.png,MOSDAC,26MAY2024,0200,B3,TIR1
3DIMG_26MAY2024_0230_L1B_STD_V01R00_B3_TIR1.png,data\processed\mosdac_tir1\3DIMG_26MAY2024_0230_L1B_STD_V01R00_B3_TIR1.png,MOSDAC,26MAY2024,0230,B3,TIR1
3DIMG_26MAY2024_0300_L1B_STD_V01R00_B3_TIR1.png,data\processed\mosdac_tir1\3DIMG_26MAY2024_0300_L1B_STD_V01R00_B3_TIR1.png,MOSDAC,26MAY2024,0300,B3,TIR1
3DIMG_26MAY2024_0330_L1B_STD_V01R00_B3_TIR1.png,data\processed\mosdac_tir1\3DIMG_26MAY2024_0330_L1B_STD_V01R00_B3_TIR1.png,MOSDAC,26MAY2024,0330,B3,TIR1
3DIMG_26MAY2024_0400_L1B_STD_V01R00_B3_TIR1.png,data\processed\mosdac_tir1\3DIMG_26MAY2024_0400_L1B_STD_V01R00_B3_TIR1.png,MOSDAC,26MAY2024,0400,B3,TIR1
3DIMG_26MAY2024_0430_L1B_STD_V01R00_B3_TIR1.png,data\processed\mosdac_tir1\3DIMG_26MAY2024_0430_L1B_STD_V01R00_B3_TIR1.png,MOSDAC,26MAY2024,0430,B3,TIR1
3DIMG_26MAY2024_0500_L1B_STD_V01R00_B3_TIR1.png,data\processed\mosdac_tir1\3DIMG_26MAY2024_0500_L1B_STD_V01R00_B3_TIR1.png,MOSDAC,26MAY2024,0500,B3,TIR1
3DIMG_26MAY2024_0530_L1B_STD_V01R00_B3_TIR1.png,data\processed\mosdac_tir1\3DIMG_26MAY2024_0530_L1B_STD_V01R00_B3_TIR1.png,MOSDAC,26MAY2024,0530,B3,TIR1
3DIMG_26MAY2024_0600_L1B_STD_V01R00_B3_TIR1.png,data\processed\mosdac_tir1\3DIMG_26MAY2024_0600_L1B_STD_V01R00_B3_TIR1.png,MOSDAC,26MAY2024,0600,B3,TIR1
3DIMG_26MAY2024_0630_L1B_STD_V01R00_B3_TIR1.png,data\processed\mosdac_tir1\3DIMG_26MAY2024_0630_L1B_STD_V01R00_B3_TIR1.png,MOSDAC,26MAY2024,0630,B3,TIR1
3DIMG_26MAY2024_0700_L1B_STD_V01R00_B3_TIR1.png,data\processed\mosdac_tir1\3DIMG_26MAY2024_0700_L1B_STD_V01R00_B3_TIR1.png,MOSDAC,26MAY2024,0700,B3,TIR1
3DIMG_26MAY2024_0730_L1B_STD_V01R00_B3_TIR1.png,data\processed\mosdac_tir1\3DIMG_26MAY2024_0730_L1B_STD_V01R00_B3_TIR1.png,MOSDAC,26MAY2024,0730,B3,TIR1
3DIMG_26MAY2024_0800_L1B_STD_V01R00_B3_TIR1.png,data\processed\mosdac_tir1\3DIMG_26MAY2024_0800_L1B_STD_V01R00_B3_TIR1.png,MOSDAC,26MAY2024,0800,B3,TIR1
3DIMG_26MAY2024_0830_L1B_STD_V01R00_B3_TIR1.png,data\processed\mosdac_tir1\3DIMG_26MAY2024_0830_L1B_STD_V01R00_B3_TIR1.png,MOSDAC,26MAY2024,0830,B3,TIR1
3DIMG_26MAY2024_0900_L1B_STD_V01R00_B3_TIR1.png,data\processed\mosdac_tir1\3DIMG_26MAY2024_0900_L1B_STD_V01R00_B3_TIR1.png,MOSDAC,26MAY2024,0900,B3,TIR1
3DIMG_26MAY2024_0930_L1B_STD_V01R00_B3_TIR1.png,data\processed\mosdac_tir1\3DIMG_26MAY2024_0930_L1B_STD_V01R00_B3_TIR1.png,MOSDAC,26MAY2024,0930,B3,TIR1
3DIMG_26MAY2024_1000_L1B_STD_V01R00_B3_TIR1.png,data\processed\mosdac_tir1\3DIMG_26MAY2024_1000_L1B_STD_V01R00_B3_TIR1.png,MOSDAC,26MAY2024,1000,B3,TIR1
3DIMG_26MAY2024_1030_L1B_STD_V01R00_B3_TIR1.png,data\processed\mosdac_tir1\3DIMG_26MAY2024_1030_L1B_STD_V01R00_B3_TIR1.png,MOSDAC,26MAY2024,1030,B3,TIR1
3DIMG_26MAY2024_1100_L1B_STD_V01R00_B3_TIR1.png,data\processed\mosdac_tir1\3DIMG_26MAY2024_1100_L1B_STD_V01R00_B3_TIR1.png,MOSDAC,26MAY2024,1100,B3,TIR1
3DIMG_26MAY2024_1230_L1B_STD_V01R00_B3_TIR1.png,data\processed\mosdac_tir1\3DIMG_26MAY2024_1230_L1B_STD_V01R00_B3_TIR1.png,MOSDAC,26MAY2024,1230,B3,TIR1
3DIMG_26MAY2024_1300_L1B_STD_V01R00_B3_TIR1.png,data\processed\mosdac_tir1\3DIMG_26MAY2024_1300_L1B_STD_V01R00_B3_TIR1.png,MOSDAC,26MAY2024,1300,B3,TIR1
3DIMG_26MAY2024_1330_L1B_STD_V01R00_B3_TIR1.png,data\processed\mosdac_tir1\3DIMG_26MAY2024_1330_L1B_STD_V01R00_B3_TIR1.png,MOSDAC,26MAY2024,1330,B3,TIR1
3DIMG_26MAY2024_1400_L1B_STD_V01R00_B3_TIR1.png,data\processed\mosdac_tir1\3DIMG_26MAY2024_1400_L1B_STD_V01R00_B3_TIR1.png,MOSDAC,26MAY2024,1400,B3,TIR1
3DIMG_26MAY2024_1430_L1B_STD_V01R00_B3_TIR1.png,data\processed\mosdac_tir1\3DIMG_26MAY2024_1430_L1B_STD_V01R00_B3_TIR1.png,MOSDAC,26MAY2024,1430,B3,TIR1
3DIMG_26MAY2024_1500_L1B_STD_V01R00_B3_TIR1.png,data\processed\mosdac_tir1\3DIMG_26MAY2024_1500_L1B_STD_V01R00_B3_TIR1.png,MOSDAC,26MAY2024,1500,B3,TIR1
3DIMG_26MAY2024_1530_L1B_STD_V01R00_B3_TIR1.png,data\processed\mosdac_tir1\3DIMG_26MAY2024_1530_L1B_STD_V01R00_B3_TIR1.png,MOSDAC,26MAY2024,1530,B3,TIR1
3DIMG_26MAY2024_1600_L1B_STD_V01R00_B3_TIR1.png,data\processed\mosdac_tir1\3DIMG_26MAY2024_1600_L1B_STD_V01R00_B3_TIR1.png,MOSDAC,26MAY2024,1600,B3,TIR1
3DIMG_26MAY2024_1630_L1B_STD_V01R00_B3_TIR1.png,data\processed\mosdac_tir1\3DIMG_26MAY2024_1630_L1B_STD_V01R00_B3_TIR1.png,MOSDAC,26MAY2024,1630,B3,TIR1
3DIMG_26MAY2024_1700_L1B_STD_V01R00_B3_TIR1.png,data\processed\mosdac_tir1\3DIMG_26MAY2024_1700_L1B_STD_V01R00_B3_TIR1.png,MOSDAC,26MAY2024,1700,B3,TIR1
3DIMG_26MAY2024_1730_L1B_STD_V01R00_B3_TIR1.png,data\processed\mosdac_tir1\3DIMG_26MAY2024_1730_L1B_STD_V01R00_B3_TIR1.png,MOSDAC,26MAY2024,1730,B3,TIR1
3DIMG_26MAY2024_1800_L1B_STD_V01R00_B3_TIR1.png,data\processed\mosdac_tir1\3DIMG_26MAY2024_1800_L1B_STD_V01R00_B3_TIR1.png,MOSDAC,26MAY2024,1800,B3,TIR1
3DIMG_26MAY2024_1830_L1B_STD_V01R00_B3_TIR1.png,data\processed\mosdac_tir1\3DIMG_26MAY2024_1830_L1B_STD_V01R00_B3_TIR1.png,MOSDAC,26MAY2024,1830,B3,TIR1
3DIMG_26MAY2024_2000_L1B_STD_V01R00_B3_TIR1.png,data\processed\mosdac_tir1\3DIMG_26MAY2024_2000_L1B_STD_V01R00_B3_TIR1.png,MOSDAC,26MAY2024,2000,B3,TIR1
3DIMG_26MAY2024_2030_L1B_STD_V01R00_B3_TIR1.png,data\processed\mosdac_tir1\3DIMG_26MAY2024_2030_L1B_STD_V01R00_B3_TIR1.png,MOSDAC,26MAY2024,2030,B3,TIR1
3DIMG_26MAY2024_2100_L1B_STD_V01R00_B3_TIR1.png,data\processed\mosdac_tir1\3DIMG_26MAY2024_2100_L1B_STD_V01R00_B3_TIR1.png,MOSDAC,26MAY2024,2100,B3,TIR1
3DIMG_26MAY2024_2130_L1B_STD_V01R00_B3_TIR1.png,data\processed\mosdac_tir1\3DIMG_26MAY2024_2130_L1B_STD_V01R00_B3_TIR1.png,MOSDAC,26MAY2024,2130,B3,TIR1
3DIMG_26MAY2024_2200_L1B_STD_V01R00_B3_TIR1.png,data\processed\mosdac_tir1\3DIMG_26MAY2024_2200_L1B_STD_V01R00_B3_TIR1.png,MOSDAC,26MAY2024,2200,B3,TIR1
3DIMG_26MAY2024_2230_L1B_STD_V01R00_B3_TIR1.png,data\processed\mosdac_tir1\3DIMG_26MAY2024_2230_L1B_STD_V01R00_B3_TIR1.png,MOSDAC,26MAY2024,2230,B3,TIR1
3DIMG_26MAY2024_2300_L1B_STD_V01R00_B3_TIR1.png,data\processed\mosdac_tir1\3DIMG_26MAY2024_2300_L1B_STD_V01R00_B3_TIR1.png,MOSDAC,26MAY2024,2300,B3,TIR1
3DIMG_26MAY2024_2330_L1B_STD_V01R00_B3_TIR1.png,data\processed\mosdac_tir1\3DIMG_26MAY2024_2330_L1B_STD_V01R00_B3_TIR1.png,MOSDAC,26MAY2024,2330,B3,TIR1
